Key,Chinese
+1 ManaCardName,#NAME?
+1 PowerCardName,- 单位+1攻击力
+2 HP ADJCardName,#NAME?
+2 HPCardName,- 单位+2生命值
+2 Power HeroCardName,- 本回合英雄获得+2攻击力
-1 HPCardName,#NAME?
-1 ManaCardName,#NAME?
-1 MoveCardName,#NAME?
-1 PowerCardName,- 单位-1攻击力
-2 HP ADJCardName,#NAME?
Achievement01CardName,完成教程
Achievement02CardName,首领杀手 1 海尔姆战士
Achievement03CardName,首领杀手 2 海尔姆战士
Achievement04CardName,首领杀手 3 海尔姆战士
Achievement05CardName,首领杀手 1 卡利姆战士
Achievement06CardName,首领杀手 2 卡利姆战士
Achievement07CardName,首领杀手 3 卡利姆战士
Achievement08CardName,首领杀手 1 海尔姆法师
Achievement09CardName,首领杀手 2 海尔姆法师
Achievement10CardName,首领杀手 3 海尔姆法师
Achievement11CardName,首领杀手 1 卡利姆法师
Achievement12CardName,首领杀手 2 卡利姆法师
Achievement13CardName,首领杀手 3 卡利姆法师
Achievement14CardName,谁在放狗？
Achievement15CardName,食人魔帕特
Achievement16CardName,反击是什么？
Achievement17CardName,有趣的互动
Achievement18CardName,修身剪裁
Achievement19CardName,越大越好
Achievement20CardName,午休
Achievement21CardName,要快！
Achievement22CardName,空间控制
Achievement23CardName,稳住！
Achievement24CardName,真正的英雄
Achievement25CardName,投资
Achievement26CardName,匆忙
Achievement27CardName,毁灭者
Achievement28CardName,决心
Achievement29CardName,铁墙
Achievement30CardName,收割者
Achievement31CardName,梦魇大师
Achievement32CardName,真正的力量
Achievement33CardName,加快节奏
Achievement34CardName,好多野猪
Achievement35CardName,泰坦之力
Achievement36CardName,魔术技法
Achievement37CardName,快速治疗
Achievement38CardName,多对无
Achievement39CardName,猛攻
Achievement40CardName,首领杀手
Achievement41CardName,九头蛇杀手
Achievement42CardName,到达地牢残暴程度10级
Achievement43CardName,双首领杀手
Achievement44CardName,冬季信使
AcidicMadContraptionCardName,酸性疯狂陷阱
AcidicMadContraptionSuperCardName,酸性超级疯狂陷阱
Action 1CardName,
Action 2CardName,
Action 3CardName,
Action 4CardName,
AftermathUnlockCardName,解锁新卡牌
AlphaHatchEffectCardName,孵化
AmpUpCardName,放大
AncientEncounter1CardName,灰烬残余
AncientEncounter2CardName,液态钢魔
AncientEncounter3CardName,锈魔
AncientEncounter4CardName,锻造者
AncientEncounter5CardName,狂暴的魔像
AncientEncounter6CardName,机械之神
AncientShadeCardName,远古之影
AncientWarriorCardName,远古战士
Area01CardName,骑士城堡
Area02CardName,死亡荒漠
Area03CardName,熔岩流域
Area04CardName,大山洞
Area05CardName,熔炉
ArmourFiendCardName,护甲恶魔
ArmourUpCardName,护甲提升
ArtifactEquip01CardName,切割者之环
ArtifactEquip02CardName,磁臂
ArtifactEquip03CardName,法师之戒
ArtifactEquip04CardName,战士之盾
ArtifactEquip05CardName,掠夺者之靴
ArtifactEquip06CardName,搜寻者之书
ArtifactEquip07CardName,卡利姆公约
ArtifactEquip08CardName,静态塔
ArtifactEquip08MinionCardName,静态塔
ArtifactEquip09CardName,尖刺铁吊坠
ArtifactEquip09EffectCardName,尖刺铁吊坠
ArtifactEquip10CardName,死神镰刀
ArtifactEquip11CardName,古钟
ArtifactEquip12CardName,指骨粉末
ArtifactEquip13CardName,蹒跚者之心
ArtifactEquip14CardName,复活十字章
ArtifactEquip15CardName,英雄的大盾
ArtifactEquip16CardName,指挥官的三角旗
ArtifactEquip17CardName,甲壳头盔
ArtifactEquip18CardName,甲壳护腕
ArtifactEquip19CardName,甲壳护甲
ArtifactEquip20CardName,剑环
ArtifactEquip21CardName,硫磺披风
ArtifactEquip22CardName,爪套
ArtifactEquip23CardName,松香可燃包
ArtifactEquip23EffectCardName,松香可燃包
ArtifactEquip24CardName,闪烁之环
ArtifactEquip25CardName,力杖
ArtifactEquip26CardName,圣盒
ArtifactEquip27CardName,微型国际象棋套装
ArtifactEquip28CardName,生锈的剑
ArtifactEquip29CardName,巨人的指关节
ArtifactEquip29EffectCardName,巨人的指关节
ArtifactEquip30CardName,魔术球
ArtifactEquip31CardName,梦魇之刃
AshLegionBowmanCardName,灰烬军团弓箭手
AshLegionBowmasterCardName,灰烬军团弓箭大师
AshLegionCommanderCardName,灰烬军团指挥官
AshLegionGruntCardName,灰烬军团咕噜兽
AshLegionHeroCardName,灰烬军团英雄
AshLegionLieutenantCardName,灰烬军团中尉
AshLegionSoldierCardName,灰烬军团士兵
AshLegionSpearmanCardName,灰烬军团长矛兵
AshLegionSpearmasterCardName,灰烬军团长矛大师
BerserkCardName,狂暴
BerserkerArmourCardName,狂战士盔甲
BigAngryGoblinCardName,大愤怒的小妖精
Black01CardName,卡利姆崖狗
Black02CardName,崖狗领袖
Black03CardName,崖狗族长
Black04CardName,意愿献祭者
Black04bCardName,虔诚献祭者
Black05CardName,卡利姆皇家祭司
Black05ServitorCardName,谦卑的仆从
Black06CardName,高等皇家祭司
Black06ServitorCardName,仆从
Black07CardName,国王使节
Black07ServitorCardName,神圣仆从
Black08CardName,黑钢暴徒
Black09CardName,黑钢准将
Black100CardName,卡利姆载体
Black101CardName,受折磨的载体
Black102CardName,疯狂的载体
Black103CardName,盾奴
Black104CardName,高等盾奴
Black105CardName,巅峰盾奴
Black106CardName,卡利姆礼节使
Black107CardName,卡利姆高等礼节使
Black108CardName,卡利姆巅峰礼节使
Black109CardName,卡利姆白袍
Black10CardName,黑钢骑士
Black110CardName,卡利姆高等白袍
Black111CardName,卡利姆巅峰白袍
Black112CardName,卡利姆死亡使者
Black113CardName,高等死亡使者
Black114CardName,巅峰死亡使者
Black115CardName,孢子载体
Black116CardName,大型孢子载体
Black117CardName,巨型孢子载体
Black118CardName,神龙
Black119CardName,大型神龙
Black11CardName,无面者传授者
Black120CardName,巨型神龙
Black12CardName,无面者刺客
Black13CardName,无面者大师
Black14CardName,卡利姆骨匠
Black15CardName,卡利姆树篱巫师
Black16CardName,卡利姆奥术师
Black17CardName,卡利姆神秘学者
Black18CardName,卡利姆恶魔学者
Black19CardName,卡利姆恶魔之主
Black20CardName,崖龙
Black21CardName,愚蠢的奥术师
Black22CardName,镀金之惧
Black23CardName,骸骨堆
Black23EffectCardName,未安息的灵魂
Black24CardName,鬼魂
Black25CardName,恶魂
Black26CardName,夜魔
Black27CardName,黑钢法师
Black28CardName,卡利姆·虚空召唤者
Black29CardName,阴影
Black30CardName,幽灵
Black31CardName,食仇者
Black32CardName,生命导管I
Black33CardName,生命导管II
Black34CardName,生命导管III
Black35CardName,锁链小恶魔
Black36CardName,锁链恶魔
Black37CardName,锁链地狱恶魔
Black38CardName,大魔王
Black39CardName,受折磨的卡利姆人
Black40CardName,疯狂的卡利姆人
Black41CardName,着魔的卡利姆人
Black42CardName,岩崖爆裂者
Black43CardName,大型岩崖爆裂者
Black44CardName,巨型岩崖爆裂者
Black45CardName,喋喋不休的狂人
Black46CardName,饥饿猛兽
Black47CardName,残暴猛兽
Black48CardName,狂暴猛兽
Black49CardName,蝎子
Black50CardName,飞掠蝎
Black51CardName,剧毒蝎
Black52CardName,蛆龙士兵
Black52NoRespawnCardName,蛆龙士兵
Black53CardName,蛆龙军士
Black53NoRespawnCardName,蛆龙军士
Black54CardName,蛆龙上尉
Black54NoRespawnCardName,蛆龙上尉
Black55CardName,蛆龙咒饵者
Black56CardName,蛆龙咒锚者
Black57CardName,蛆龙咒捕者
Black58CardName,卡利姆幼龙
Black59CardName,成年卡利姆龙
Black60CardName,巨型卡利姆龙
Black61CardName,岩蛙
Black62CardName,巨蛙
Black63CardName,怪蛙
Black64CardName,受祝福者
Black65CardName,高等受祝福者
Black66CardName,巅峰受祝福者
Black67CardName,卡利姆咒刻者
Black68CardName,受折磨的咒刻者
Black69CardName,疯狂的咒刻者
Black70CardName,卡利姆灌魔人
Black71CardName,受折磨的灌魔人
Black72CardName,疯狂的灌魔人
Black73CardName,国王图书管理员
Black74CardName,高等图书管理员
Black75CardName,巅峰图书管理员
Black76CardName,卡利姆教士
Black77CardName,卡利姆高等教士
Black78CardName,卡利姆巅峰教士
Black79CardName,卡利姆民兵
Black80CardName,卡利姆高等民兵
Black81CardName,卡利姆巅峰民兵
Black82CardName,卡利姆仪式使者
Black83CardName,高等仪式使者
Black84CardName,巅峰仪式使者
Black85CardName,灵魂引导者
Black86CardName,高等灵魂引导者
Black87CardName,巅峰灵魂引导者
Black88CardName,仪式野兽
Black89CardName,大型仪式野兽
Black90CardName,巨型仪式野兽
Black91CardName,瘟疫之刃
Black92CardName,高等瘟疫之刃
Black93CardName,巅峰瘟疫之刃
Black94CardName,剥皮匠
Black95CardName,受折磨的剥皮匠
Black96CardName,疯狂的剥皮匠
Black97CardName,颌击者
Black98CardName,大型颌击者
Black99CardName,巨型颌击者
BlackPathCardName,卡利姆之手
BleedingAdventurerCardName,流血的冒险家
BluePathCardName,魔法会社
BluePillarCardName,蓝色支柱
BossHydraHeadCardName,九头蛇头
BossNeckSectionCardName,颈部
BoulderTossCardName,巨石抛掷
BreatheFireBossCardName,喷火
BreatheFireCardName,喷火
BroodMotherCardName,育母蜘蛛
BurningSoulArrowEffectCardName,燃烧的灵魂箭
CardName,投掷长矛
CardsCardName,
ChainFlamesCardName,链条火焰
ChainLightningCardName,连锁闪电
ChaosCorruptionCardName,混沌腐败
ChaosElementalCardName,混沌元素
Choice2HealthCardName,失去2点生命值
Choice4HealthCardName,失去4点生命值
Choice6HealthCardName,失去6点生命值
ChoiceAllowCardName,接受。
ChoiceBroodmotherCardName,脚下是什么东西？
ChoiceContinueAdventureCardName,继续探索
ChoiceContinueCardName,确定
ChoiceConvertGoldCardName,转换宝藏
ChoiceCraftyKoboldTradeCardName,闪亮成交
ChoiceCursedFoesCardName,诅咒敌人
ChoiceDeckCardName,交出牌组
ChoiceDeclineCardName,拒绝。
ChoiceDrinkCardName,喝吧！
ChoiceElitePathCardName,黑暗之路
ChoiceEncounterRewardedCardCardName,奖励
ChoiceExitEarlyCardName,离开地牢
ChoiceFellowAdventurerTradeCardName,成交
ChoiceFightCardName,战斗
ChoiceFriendlyCardName,示好
ChoiceFullHealCardName,愈合
ChoiceGatherTreasureCardName,<color=red>XX%</color> 的风险 - 窃取宝藏
ChoiceGoBackCardName,返回
ChoiceHealCardName,治愈
ChoiceInsertTreasureCardName,插入宝藏
ChoiceIntimidateCardName,威逼
ChoiceJoinFightCardName,加入战斗
ChoiceKeepGatheringCardName,<color=red>XX%</color> 的风险 - 窃取更多宝藏
ChoiceKnowledgeCardName,知识
ChoiceKrampusCardName,检查盒子
ChoiceLeavePortalCardName,离开
ChoiceLeaveWithNothingCardName,离开
ChoiceLongRestCardName,彻底治愈
ChoiceLootArtifactCardName,往远处看
ChoiceLootEquipmentCardName,往低处看
ChoiceLootPotionCardName,往高处看
ChoiceLootTreasureChestCardName,战利品
ChoiceLoseAMinionCardName,用一个随从阻挡
ChoiceLoseAspellCardName,燃烧一张法术牌
ChoiceLoseSpellCardName,失去法术
ChoiceMageTrainingCardName,学习法术
ChoiceNextFloorCardName,下一层
ChoiceNoEnoughGoldCardName,金币不够
ChoiceNormalPathCardName,常规之路
ChoicePayChurchCardName,接受服务
ChoicePullAwayCardName,抽离
ChoicePurchaseCardName,购买卡牌
ChoicePurgeCardName,清除
ChoicePutItOnCardName,戴上
ChoiceQuestionBluffCardName,忽悠
ChoiceQuestionLoreCardName,流言
ChoiceQuestionTruthCardName,实话
ChoiceRemovalCardName,删除卡牌
ChoiceSacrificeCardName,献祭
ChoiceSanta3CardsCardName,3张卡
ChoiceSantaCardName,选择礼物
ChoiceSantaHealUpgradeCardName,治疗和升级
ChoiceScavengeCardName,坐山观虎斗
ChoiceSeasonsBlessingInvestigateCardName,调查
ChoiceShortRestCardName,简单包扎
ChoiceSkipCardName,略过
ChoiceSneakCardName,一定机率溜走
ChoiceStrangeKeyGiveArtifactCardName,提供一件圣物
ChoiceTakeDamageCardName,受到伤害
ChoiceTakeElderCardName,带走老兵
ChoiceTakeGiftCardName,接受礼物
ChoiceTakeItCardName,拿着
ChoiceTakeStatueCardName,拿走雕像
ChoiceTakeStoneCardName,拿走石头
ChoiceTakeThemCardName,带他们走
ChoiceTakeThreeCardName,带走勇士们
ChoiceTakeVialsCardName,带走2瓶药水
ChoiceTakeWeaponCardName,获得武器
ChoiceTeleportCardName,传送到首领
ChoiceTradeCardCardName,成交
ChoiceTrainingCardName,训练
ChoiceTreasureCardName,打开箱子
ChoiceTricksterSpiritTradeCardName,成交
ChoiceUnlockFloor4DoorCardName,插入钥匙
ChoiceUpgradeCardCardName,升级卡
ChoiceUpgradeCardName,升级卡牌
ChoiceUpgradeWeaponCardName,升级武器
ChoiceWalkAwayCardName,走开
ChoiceWaterfallAmbushCardName,等着瞧
ChoiceWaterfallDiveCardName,潜入
ChoiceWaterfallRopeCardName,使用绳子
ChoiceWeaponCardName,交出武器
ChoiceWorthyCardName,证明值得
ClawStrikeCardName,爪击
ClawsOutCardName,伸出爪子
ClearTheRoomCardName,清除房间
CloakOfLightCardName,光明披风
CloakOfLightEffectCardName,光明披风
ClockworkAssassinCardName,发条刺客
ClockworkBombCardName,发条炸弹
ClockworkDefenderCardName,发条后卫
ClockworkDelverCardName,发条挖掘器
ClockworkGuardianCardName,发条守卫者
ClockworkSniperCardName,发条狙击手
ClockworkStrikerCardName,发条前锋
CoilOfPainCardName,痛苦之卷
CommissarSpellCardName,第七狱地委
Common29CardName,真理标枪
Common30CardName,塔卢克的灰烬
Common31CardName,火石包
Common32CardName,狗头人奴仆
Common33CardName,吸血鬼犬牙
Common34CardName,否定之石
Common35CardName,战士
Common36CardName,投掷斧
Common37CardName,疯狂的食人魔
Common38CardName,觉醒梦魇
Common38EffectCardName,觉醒梦魇
CommonEffect01CardName,中毒
CommonEffect02CardName,格挡
CommonEffect03CardName,冰冻
CommonEffect04CardName,晕眩
CommonEffect05CardName,定身
CommonEffect06CardName,激励
CommonEffect07CardName,巩固
CommonEffect08CardName,强化
CommonEffect09CardName,团结
CommonEffect10CardName,重生
CommonEffect11CardName,保护
CommonEffect12CardName,灼烧
CommonEffect14CardName,虚弱
CommonEffect15CardName,感染
CommonEffect16CardName,吞食
CommonEffect17CardName,猛冲1
CommonEffect18CardName,弱化
CommonEffect19CardName,守卫
CommonEffect20CardName,复制品
CommonEffect21CardName,复仇
CommonEffect22CardName,被诅咒的敌人
CommonEffect23CardName,猛冲2
CommonEffect24CardName,劈砍
CommonEffect24aCardName,劈砍
CommonEffect25CardName,猛冲3
CommonEffect26CardName,召唤眩晕
CommonEffect27CardName,流血
CommonEffect28CardName,守卫
CommonEffect29CardName,闪避
CommonEffect30CardName,全新法力机制
CommonEffect31CardName,被诅咒
CommonEffect32CardName,掠食者
CommonEffect32aCardName,掠食者
CommonEffect33CardName,灾祸
CommonEffect34CardName,被切割
CommonEffect35CardName,被遥控
CommonEffect36CardName,被感染的掠食者
CommonEffect37CardName,猛冲
CommonEffect38CardName,叉击
CommonEffect39CardName,火焰祝福
CommonEffect40CardName,游侠祝福
CommonEffect41CardName,成长祝福
CommonEffect42CardName,鲜血祝福
CommonEffect43CardName,初学者祝福
CommonEffect44CardName,冬季祝福
CommonEffect45CardName,淘气
CommonEffect46CardName,好人
CommonEffect47CardName,
CommonEffect48CardName,
CommonEffect49CardName,
CommonEffect50CardName,
CommonSkill02CardName,聪颖
CommonSkill03CardName,韧性
CommonSkill04CardName,学习
ConstrictCardName,收缩
ControlledEffectCardName,受控
ControlledGestaltCardName,被控制的格式塔
CoreFlameCardName,核心火焰
CoreHydraCardName,核心九头蛇
CorruptedPaladinCardName,堕落的圣骑士
CrescentMoonKeyCardName,新月钥匙
CrumblingWallCardName,摇摇欲坠的墙
CullCardName,剔除
CurseCardName,死亡标记
CurseManthriCardName,诅咒
CursedEffectCardName,死亡标记
CursedImpCardName,被诅咒的小鬼
DaggerThrowCardName,匕首投掷
DemonEncounter1CardName,护甲恶魔
DemonEncounter2CardName,火巨人
DemonEncounter3CardName,双子掠夺者
DemonEncounter4CardName,地狱火拷打者
DemonEncounter5CardName,脉动聚合物
DemonEncounter6CardName,狂战士盔甲
DemonEncounter7CardName,戈贡
DemonEncounter8CardName,灰烬军团指挥官
DestructiveWaveCardName,破坏波
DevourTheWeakCardName,吞噬弱者
DiscardCardName,#NAME?
DominationCardName,统治
DoomMadContraptionCardName,厄运疯狂陷阱
DoomMadContraptionSuperCardName,厄运超级疯狂陷阱
DoubleTimeCardName,双倍时间
DoubleTimeEffectCardName,双倍时间
DrawCardName,#NAME?
DustRemnantCardName,灰烬残余
EffectPossessedCardName,占有
EffectsCardName,
ElementalEncounter1CardName,岩浆狼
ElementalEncounter2CardName,熔岩
ElementalEncounter4CardName,混沌元素
ElementalEncounter5CardName,火元素
ElementalEncounter6CardName,锻造之灵
ElementalHeroCardName,元素英雄
EliteEncounter1CardName,机械英雄
EliteEncounter2CardName,曼思里英雄
EliteEncounter3CardName,兽人英雄
EliteEncounter4CardName,灰烬军团英雄
EliteEncounter5CardName,元素英雄
EphemeralBlurCardName,暂时性混淆
EscapedShadeCardName,逃脱的阴影
EventAmbushedAdventurerCardName,被伏击的冒险家
EventAnkhCardName,时间十字章
EventArtifactChestCardName,高级宝箱
EventBattle1CardName,被埋伏的冒险家
EventBattle2CardName,狗头人弓阵陷阱
EventBattle3CardName,兽人守宝者
EventBattle4CardName,蜘蛛巢
EventBossSignpostCardName,首领入口
EventBroodmotherCardName,育母蜘蛛
EventCampsiteCardName,治疗师
EventChurchProcessionCardName,教堂游行
EventClericCardName,孤独的牧师
EventCraftyKoboldCardName,狡猾的狗头人
EventDarkBlessingCardName,力量祭坛
EventDiscardedToolsCardName,废弃的铁匠工具
EventDoorwayBossCardName,封锁的大门
EventDoorwayClosedCardName,封锁的大门
EventDoorwayClosedEliteCardName,封锁的大门
EventDoorwayOpenCardName,走廊
EventDroppedPotionCardName,掉落药水
EventDwarvenGhostCardName,矮人之魂
EventDwarvenGhostDeckCardName,矮人之魂
EventDwarvenGhostWeaponCardName,矮人之魂
EventDwarvenTrapCardName,矮人陷阱
EventExitEarlyCardName,出口的楼梯
EventExpCardName,浮帽
EventFellowAdventurerCardName,冒险家同伴
EventFloor4DoorCardName,被挡住的门
EventGemstomePortal2CardName,宝石传送门
EventGemstomePortalCardName,宝石传送门
EventHelmOfScramblingCardName,纷争头盔
EventHelmRecruiterCardName,海尔姆招募者
EventHoardContinueCardName,更多宝藏。。
EventHoodedTraderCardName,连帽商人
EventKarimRecruiterCardName,卡利姆招募者
EventKoboldBowTrapCardName,弓阵陷阱！
EventKrampusCardName,圣诞魔鬼!
EventLongRestCardName,充分休息
EventLootLootLootCardName,抢劫！ 抢劫！ 抢劫！
EventLostMinionsCardName,迷路的随从
EventMageTrainingCardName,法师训练
EventManaWraithCardName,法力怨灵
EventNegationStoneCardName,否定之石
EventOutOfGoldCardName,金币不足
EventPotionsCardName,冒泡的蒸馏器
EventPurchaseCardName,旅行商人
EventRemovalCardName,驱灵人
EventSantaCardName,圣诞老人!
EventSantaKrumpusOrNothingCardName,冬季祝福
EventSeasonsBlessingNothingCardName,空房间
EventShellshockedAdventurerCardName,恐惧的冒险家
EventShortRestCardName,小憩一会
EventSpiderNestCardName,蜘蛛巢
EventStairwayNextFloorCardName,离开
EventStoryCardName,剧情事件
EventStrangeKeyCardName,奇异幻影
EventSuspiciousStatueCardName,可疑钻石
EventTeleportCardName,未知的传送门
EventTheQuestionCardName,疑问
EventTreasureCardName,低级宝箱
EventTreasureHoardCardName,宝藏
EventTricksterSpiritArtifactCardName,圣器
EventTricksterSpiritCardName,猫脸人
EventTricksterSpiritScammedCardName,被骗了！
EventTwoPathTeleportCardName,双面传送门
EventUnderConstructionCardName,被挡住的门
EventUpgradeCardName,吟游诗人
EventWarriorsWeaponsCardName,战士训练师
EventWaterfallCardName,瀑布
EventWaterfallDiveCardName,宝藏！
EventWaterfallRopeCardName,宝藏！
EventWitchBluffCardName,智慧祝福
EventWitchCardName,巫婆
EventWitchLoreCardName,法力祝福
EventWitchTruthCardName,生命祝福
EventWizardsOfferCardName,巫师的交易
Evolve Card EffectsCardName,
ExplosiveEffectCardName,爆炸
ExplosiveEffectSuperCardName,爆炸
ExplosiveElementalCardName,爆炸元素
ExplosiveMadContraptionCardName,爆炸性疯狂陷阱
ExplosiveMadContraptionSuperCardName,爆炸性超级疯狂陷阱
FadeOutCardName,"消退
"
FallingMeteorCardName,流星坠落
FalseDeathCardName,假死
FinalBossCardName,彼岸之物
FireGiantCardName,火巨人
FireSerpentCardName,火蛇
FireTendrilCardName,火卷须
FlameRegenerationCardName,火焰再生
FoodFightCardName,美食之击
FoodFightEffectCardName,美食飞溅
ForceBalanceCardName,力量平衡
ForgeSpiritCardName,锻造之灵
ForgeTenderCardName,锻造者
FromAetherCardName,来自以太
GetBetterCardName,好转
GloopCardName,粘稠物体
GloopEffectCardName,烹饪
GobbombCardName,哥布姆
GoblinAlchemistCardName,地精炼金术士
GoblinBerserkerCardName,地精狂战士
GoblinBladeCardName,地精之刃
GoblinBomberCardName,地精爆破者
GoblinBuffEncounter1CardName,地精族领袖
GoblinBuffEncounter2CardName,小妖精
GoblinBuffEncounter3CardName,地精萨满
GoblinChiefCardName,地精酋长
GoblinChirurgeonCardName,小妖精
GoblinLastEncounter1CardName,地精精神病
GoblinLastEncounter2CardName,地精爆破者
GoblinMagicEncounter1CardName,地精炼金术士
GoblinMultiEncounter1CardName,地精侦察兵
GoblinMultiEncounter2CardName,地精战士
GoblinMultiEncounter3CardName,地精牧马人
GoblinMultiEncounter4CardName,地精狂战士
GoblinMultiEncounter5CardName,地精酋长
GoblinMultiEncounter6CardName,地精投石者
GoblinMultiEncounter7CardName,地精战队长
GoblinPackleaderCardName,地精族领袖
GoblinPatrolCardName,哥布林巡逻队
GoblinPsychoCardName,地精精神病
GoblinRabbleCardName,小妖怪
GoblinRatTotemCardName,地精鼠图腾
GoblinScoutCardName,地精侦察兵
GoblinScreamerCardName,地精尖叫者
GoblinShamanCardName,地精萨满
GoblinShieldbreakerCardName,地精破盾者
GoblinSlingerCardName,地精投石者
GoblinStrikerCardName,地精前锋
GoblinWarleaderCardName,地精战队长
GoblinWarriorCardName,地精战士
GoblinWranglerCardName,地精牧马人
GorgonCardName,戈贡
GorgonGazeCardName,戈贡的凝视
GraspingMonstrosityCardName,贪婪巨兽
Green01CardName,孢子
Green02CardName,部落侦察兵
Green03CardName,恶毒侦察兵
Green04CardName,野蛮侦察兵
Green05CardName,部落首领
Green06CardName,恶毒酋长
Green07CardName,野蛮酋长
Green08CardName,部落战士
Green09CardName,恶毒战士
Green100CardName,大师级异形者
Green101CardName,丛林枪手
Green102CardName,恶毒枪手
Green103CardName,野蛮枪手
Green104CardName,丛林变异者
Green104EffectCardName,变异者
Green105CardName,恶毒变异者
Green106CardName,野蛮变异者
Green107CardName,丛林变色龙
Green108CardName,恶毒变色龙
Green109CardName,野蛮变色龙
Green10CardName,野蛮战士
Green110CardName,丛林铁鳞
Green111CardName,恶毒铁鳞
Green112CardName,野蛮铁鳞
Green113CardName,丛林刃牙
Green114CardName,恶毒刃牙
Green115CardName,野蛮刃牙
Green116CardName,丛林高灵
Green117CardName,恶毒高灵
Green118CardName,野蛮高灵
Green119CardName,可爱的兔子
Green11CardName,丛林萨满
Green120CardName,卡班诺兔
Green12CardName,恶毒萨满
Green13CardName,野蛮萨满
Green14CardName,鞭打者
Green14EffectCardName,被感染的鞭打者
Green15CardName,恶毒鞭打者
Green16CardName,狂野鞭打者
Green17CardName,丛林守护者
Green18CardName,恶毒守护者
Green19CardName,野蛮守护者
Green20CardName,受感染的龟
Green21CardName,巨龟
Green22CardName,可怕的龙脊龟
Green23CardName,孢子虫
Green24CardName,恶毒孢子
Green25CardName,野蛮孢子
Green26CardName,雏木
Green27CardName,巨木
Green28CardName,怪木
Green29CardName,丛林猎人
Green30CardName,恶毒猎人
Green31CardName,野蛮猎人
Green32CardName,丛林棘背龟
Green33CardName,恶毒棘背龟
Green34CardName,野蛮棘背龟
Green35CardName,孢子蟹
Green35EffectCardName,孢子数量
Green36CardName,巨大孢子蟹
Green37CardName,可怕的孢子蟹
Green38CardName,部落鼓手
Green39CardName,恶毒鼓手
Green40CardName,野蛮鼓手
Green41CardName,丛林潜伏者
Green42CardName,恶毒潜伏者
Green43CardName,野蛮潜伏者
Green44CardName,丛林矛嘴虫
Green45CardName,恶毒矛嘴虫
Green46CardName,野蛮矛嘴虫
Green47CardName,食孢者
Green48CardName,恶毒食孢者
Green49CardName,野蛮食孢者
Green50CardName,丛林飞镖手
Green51CardName,恶毒飞镖手
Green52CardName,野蛮飞镖手
Green53CardName,孢子燃者
Green54CardName,恶毒孢子燃者
Green55CardName,野蛮孢子燃者
Green56CardName,部落狂战士
Green57CardName,夜幕刺杀者
Green58CardName,狂野狂战士
Green59CardName,部落发言者
Green60CardName,高级发言者
Green61CardName,大师级发言者
Green62CardName,丛林之虎
Green63CardName,恶毒之虎
Green64CardName,野蛮之虎
Green65CardName,部落射手
Green66CardName,恶毒射手
Green67CardName,野蛮射手
Green68CardName,丛林鳄鱼
Green69CardName,恶毒鳄鱼
Green70CardName,野蛮鳄鱼
Green71CardName,丛林之豹
Green72CardName,恶毒之豹
Green73CardName,野蛮之豹
Green74CardName,丛林神秘主义者
Green75CardName,高级神秘主义者
Green76CardName,神秘大师
Green77CardName,丛林猎犬
Green78CardName,恶毒猎犬
Green79CardName,野蛮猎犬
Green80CardName,孤独银背
Green81CardName,恶毒银背
Green82CardName,野蛮银背
Green83CardName,草药师
Green84CardName,高级草药师
Green85CardName,专家级草药师
Green86CardName,丛林电隐者
Green87CardName,恶毒电隐者
Green88CardName,野蛮电隐者
Green89CardName,丛林分裂者
Green89aCardName,丛林分裂者
Green90CardName,恶毒分裂者
Green90aCardName,恶毒分裂者
Green91CardName,巨大的分裂者
Green91aCardName,巨大的分裂者
Green92CardName,和平的臭虫
Green92aCardName,被激怒的臭虫
Green93CardName,巨大的臭虫
Green93aCardName,恶毒臭虫
Green94CardName,异形臭虫
Green94aCardName,野蛮臭虫
Green95CardName,丛林蝴蝶
Green96CardName,巨型蝴蝶
Green97CardName,异形蝴蝶
Green98CardName,丛林异形者
Green99CardName,高级异形者
GreenEvolve01CardName,火焰祝福
GreenEvolve02CardName,连击祝福
GreenEvolve03CardName,游侠祝福
GreenEvolve04CardName,猛冲祝福
GreenEvolve05CardName,成长祝福
GreenEvolve06CardName,守护祝福
GreenEvolve07CardName,复仇祝福
GreenEvolve08CardName,力量祝福
GreenEvolve09CardName,格挡祝福
GreenEvolve10CardName,鲜血祝福
GreenPathCardName,北境部落
GroundSlamCardName,大满贯
GroundStompCardName,地面践踏
GrowStrengthEffectCardName,成长力量
HasteCardName,#NAME?
HatchEffectCardName,孵化
HellfireRainCardName,地狱之火
HellfireTorturerCardName,地狱火拷打者
Hidden AchievementsCardName,
HighPressureCardName,高压力
HydraEncounter1CardName,蛇身
HydraEncounter2CardName,大蛇
HydraEncounter3CardName,核心九头蛇
HydraHeadCardName,蛇头
ImplantThoughtCardName,植入思想
IntoThePotCardName,进锅！
KoboldBowmanCardName,狗头人弓手
KoboldCommanderCardName,狗头人指挥官
LacunaDropCardName,裂纹下坠
LacunaDropEffectCardName,裂纹下坠
LavaGiantCardName,熔岩巨人
LavusianCardName,熔岩
LegionReaver1CardName,灰烬军团掠夺者
LesserChaosCardName,小型混沌
LesserFireElementalCardName,小火元素
LiquidSteelCardName,液态钢魔
LivingFlameCardName,火元素
LizardAlphaEggCardName,阿尔法卵
LizardAlphaMinionCardName,阿尔法蜥蜴
LizardBerserkerCardName,蜥蜴狂战士
LizardBowmanCardName,蜥蜴弓箭手
LizardBowmasterCardName,蜥蜴弓箭大师
LizardCrossbowmanCardName,蜥蜴十字弓手
LizardDefenderCardName,蜥蜴后卫
LizardEggrunnerCardName,蜥蜴蛋行​​者
LizardHuntressCardName,蜥蜴女猎人
LizardLongspearCardName,蜥蜴长矛兵
LizardMageCardName,蜥蜴法师
LizardMagicEncounter2CardName,蜥蜴巫师
LizardMatriarchCardName,蜥蜴族长
LizardNestguardCardName,蜥蜴守巢者
LizardNestmotherCardName,蜥蜴巢之母
LizardPatrolCardName,蜥蜴巡逻队
LizardRangeEncounter1CardName,蜥蜴矛兵
LizardRangeEncounter2CardName,蜥蜴弓箭手
LizardRangeEncounter3CardName,蜥蜴小队
LizardRangeEncounter4CardName,蜥蜴狙击手
LizardRangeEncounter5CardName,蜥蜴十字弓手
LizardRangeEncounter6CardName,蜥蜴女猎人
LizardShieldbearerCardName,蜥蜴持盾者
LizardShieldmasterCardName,蜥蜴盾大师
LizardSniperCardName,蜥蜴狙击手
LizardSorcererCardName,蜥蜴巫师
LizardSpawnEncounter1CardName,蜥蜴孵化场
LizardSpawnEncounter2CardName,蜥蜴蛋行​​者
LizardSpawnEncounter3CardName,蜥蜴巢
LizardSpawnEncounter7CardName,蜥蜴巢之母
LizardSpearmasterCardName,蜥蜴长矛大师
LizardWarriorCardName,蜥蜴战士
LizardlingEggCardName,蜥蜴蛋
LizardlingEncounter7CardName,蜥蜴族长
LizardlingMagicEncounter1CardName,蜥蜴法师
LockedFloor4DoorNoKeyPromptCardName,没有钥匙
Loot01CardName,力量药水
Loot02CardName,治疗药水
Loot03CardName,速度药水
Loot13CardName,生锈的匕首
Loot14CardName,短剑
Loot15CardName,敏锐之刃
Loot29CardName,治愈葫芦
Loot34CardName,法力药水
Loot35CardName,
Loot36CardName,
LootEffect01CardName,增强
LootEffect02CardName,
LootEffect03CardName,烟雾弹
LootEffect05CardName,被标记
LootEffect06CardName,连击
MadOgreCardName,疯狂的食人魔
Mage Black AoECardName,黑色群伤卡组
Mage Black BasicCardName,黑色基础卡组
Mage Black BoardCardName,黑色控场卡组
Mage Green EvolveCardName,绿色进化卡组
Mage Green GrowCardName,绿色成长卡组
Mage Green ShapechangeCardName,绿色神秘卡组
Mage Red BasicCardName,雇佣兵
Mage Red BurnCardName,炎骑兵
Mage Red EnchantCardName,弓兵团
Mage01CardName,法师
Mage02CardName,匕首
Mage03CardName,木棍
Mage04CardName,水晶法杖
Mage05CardName,大法师的法杖
Mage06CardName,燃烧魔杖
Mage07CardName,水晶匕首
Mage08CardName,幻象
Mage08aCardName,高级幻象
Mage08bCardName,大师幻象
Mage09CardName,换位
Mage10CardName,屏障
Mage11CardName,高级屏障
Mage12CardName,大师屏障
Mage13CardName,魔法飞弹
Mage13aCardName,高级魔法飞弹
Mage13bCardName,大师级魔法飞弹
Mage14CardName,力量闪耀
Mage14aCardName,高级力量闪耀
Mage14bCardName,大师级力量闪耀
Mage15CardName,魔法扭曲
Mage15aCardName,高级魔法扭曲
Mage15bCardName,大师级魔法扭曲
Mage16CardName,迅捷
Mage16aCardName,高级迅捷
Mage16bCardName,大师级迅捷
Mage17CardName,灵魂转化
Mage17aCardName,高级灵魂转化
Mage17bCardName,大师级灵魂转化
Mage18CardName,震击
Mage18aCardName,高级震击
Mage18bCardName,大师级震击
Mage19CardName,电弧闪电
Mage19aCardName,高级电弧闪电
Mage19bCardName,大师级电弧闪电
Mage20CardName,火球
Mage20aCardName,高级火球
Mage20bCardName,大师级火球
Mage21CardName,破坏
Mage22CardName,衰竭
Mage22aCardName,高级衰竭
Mage22bCardName,大师级衰竭
Mage23CardName,幻象墙
Mage23aCardName,高级幻象墙
Mage23bCardName,大师级幻象墙
Mage24CardName,熔形
Mage24aCardName,高级熔形
Mage24bCardName,大师级熔形
Mage25CardName,转移
Mage25aCardName,高级转移
Mage25bCardName,大师级转移
Mage26CardName,奥术鞭挞
Mage26aCardName,高级奥术鞭挞
Mage26bCardName,大师级奥术鞭挞
Mage27CardName,木偶操纵
Mage28CardName,传送
Mage29CardName,调用
Mage30CardName,日灼
Mage30aCardName,高级日灼
Mage30bCardName,大师级日灼
Mage31CardName,虚空传送
Mage32CardName,冰川冲击
Mage33CardName,优势窃取
Mage33aCardName,高级优势窃取
Mage33bCardName,大师级优势窃取
Mage34CardName,加倍
Mage34aCardName,高级加倍
Mage34bCardName,大师级加倍
Mage35CardName,虚无
Mage36CardName,连击术
Mage36aCardName,高级连击术
Mage36bCardName,大师级连击术
Mage37CardName,守卫神
Mage38CardName,法术锚定
Mage39CardName,锐化
Mage39aCardName,高级锐化
Mage39bCardName,大师级锐化
Mage40CardName,并列
Mage41CardName,链式疾风
Mage42CardName,奥术镜
Mage43CardName,心灵控制
Mage44CardName,平等
Mage45CardName,灵魂长矛
Mage46CardName,中心粉碎
Mage46aCardName,高级中心粉碎
Mage46bCardName,大师级中心粉碎
Mage47CardName,炸弹注入
Mage48CardName,狂野之鞭
Mage48aCardName,高级狂野之鞭
Mage48bCardName,大师级狂野之鞭
Mage49CardName,奥术锁定
Mage50CardName,高级奥术锁定
Mage50aCardName,大师级奥术锁定
Mage51CardName,未来循环
Mage52CardName,高级未来循环
Mage52aCardName,大师级未来循环
Mage53CardName,法力风暴
Mage54CardName,高级法力风暴
Mage54aCardName,大师级法力风暴
Mage56CardName,扭曲藤杖
Mage57CardName,暴风城的法杖
Mage58CardName,黄石之杖
Mage59CardName,水晶玻璃法杖
Mage60CardName,白木法杖
MageAdvanced01CardName,
MageAdvanced02CardName,远程闪电
MageAdvanced03CardName,柔软屏障+
MageAdvanced05CardName,聚精会神+
MageAdvanced06CardName,谐振+
MageAdvanced07CardName,闪现
MageAdvanced08CardName,烈焰之刃+
MageAdvanced09CardName,远刃+
MageAdvanced10CardName,
MageAdvanced11CardName,学识+
MageAdvanced12CardName,反应性屏障
MageAdvanced13CardName,破坏性闪电
MageAdvanced14CardName,链式闪电
MageAdvanced15CardName,
MageAdvanced16CardName,阻尼结界
MageBasic02CardName,制备
MageBasic03CardName,柔软屏障
MageBasic05CardName,聚精会神
MageBasic06CardName,谐振
MageBasic08CardName,烈焰之刃
MageBasic09CardName,远刃
MageBasic12CardName,灵魂吸收
MageBasic13CardName,军团招募
MageBasic14CardName,更佳法术
MageBasic18CardName,
MageBasic20CardName,涨潮
MageBlack01CardName,召唤暗影
MageBlack02CardName,黑暗使者
MageBlack03CardName,卡利姆·菲尔德·马斯特
MageBlack04CardName,暗影引导者
MageBlack05CardName,禁忌仪式
MageBlack06CardName,短暂幽灵
MageBlack07CardName,
MageBlack08CardName,
MageBlack09CardName,
MageEffect01CardName,魔法扭曲
MageEffect02CardName,转移
MageEffect03CardName,调用
MageEffect04CardName,致盲
MageEffect04aCardName,高级致盲
MageEffect04bCardName,大师级致盲
MageEffect05CardName,加倍
MageEffect06CardName,虚无回归
MageEffect07CardName,柔软屏障
MageEffect08CardName,聚精会神
MageEffect09CardName,触底
MageEffect10CardName,灵魂转移
MageEffect11CardName,快速施法
MageEffect12CardName,动力学涂层
MageEffect13CardName,谐振
MageEffect14CardName,燃烧意志
MageEffect15CardName,紧急供给
MageEffect16CardName,第二剑
MageEffect17CardName,守卫之灵
MageEffect18CardName,法术锚
MageEffect19CardName,锐化
MageEffect20CardName,并列
MageEffect21CardName,心灵控制
MageEffect22CardName,挥发
MageEffect23CardName,爆发
MageEffect24CardName,地狱火公约
MageEffect25CardName,召唤暗影
MageEffect26CardName,灌魔攻击
MageEffect27CardName,过载
MageEffect28CardName,未来循环
MageEffect29CardName,狂暴风暴
MageEffect30CardName,黄石之杖
MageEffect31CardName,奥术锁定
MageEffect32CardName,高级奥术锁定
MageEffect33CardName,大师级奥术锁定
MageEffect34CardName,灵魂吸收
MageEffect35CardName,涨潮
MageEffect36CardName,破坏性闪电
MageEffect37CardName,反应性屏障
MageEffect38CardName,链式闪电
MageEffect39CardName,烈焰之刃
MageEffect40CardName,远刃
MageEffect41CardName,奥术精通
MageEffect42CardName,法术伤口
MageEffect43CardName,虚假生命
MageEffect44CardName,火焰精通
MageEffect45CardName,
MageEffect46CardName,
MageEffect47CardName,
MageGreen01CardName,贪婪的龟
MageGreen02CardName,丛林潜行者
MageGreen02aCardName,飘渺潜行者
MageGreen03CardName,充能孢子
MageGreen04CardName,神秘弓箭手
MageGreen05CardName,部落狂暴者
MageMid02CardName,奥术精通
MageMid03CardName,火焰精通
MageMid04CardName,虚假生命
MageRed01CardName,扇动火焰
MageRed02CardName,熊盟祈求者
MageRed03CardName,挥发性魔像
MageRed04CardName,爆发
MageRed05CardName,地狱火公约
MageRed06CardName,
MageRed07CardName,
MageRed08CardName,
MagmaWolfCardName,岩浆狼
ManaPylonCardName,魔力塔柱
ManthriAmalgamCardName,曼思里聚合物
ManthriCouncillorCardName,曼思里议员
ManthriCouncillorMinionCardName,曼思里议员
ManthriEliteCardName,曼思里精英
ManthriEncounter1CardName,曼思里通灵者
ManthriEncounter3CardName,曼思里聚合物
ManthriEncounter4CardName,曼思里精英
ManthriEncounter5CardName,曼思里歌唱大师
ManthriEncounter6CardName,曼思里巨虫
ManthriEncounter7CardName,曼思里议会
ManthriEncounter8CardName,曼思里之王
ManthriGiantCardName,曼思里巨虫
ManthriGrubCardName,曼思里蠕虫
ManthriGrubEffectCardName,蠕虫孵化
ManthriHeroCardName,曼思里英雄
ManthriHonorGuardCardName,曼思里荣誉卫队
ManthriKingCardName,曼思里之王
ManthriPsychicCardName,曼思里通灵者
ManthriShriekCardName,曼思里蠕虫
ManthriSongCardName,曼思里歌手
ManthriSongmasterCardName,曼思里歌唱大师
MechanicalGodlingCardName,机械之神
MechanicalHeroCardName,机械英雄
MentalLureCardName,精神诱惑
MentalLureEffectCardName,精神诱惑
MeteorStrikeCardName,流星打击
MightOfTheClanCardName,氏族之力
MightyLeapCardName,大跳跃
Monster SlamCardName,怪物大满贯
NeckSectionCardName,蛇身
NeckSectionMinionCardName,蛇身
New ChaosCardName,巨石抛掷
OgreChampionCardName,食人魔冠军
OgreCookCardName,食人魔厨师
OgreEncounter1CardName,食人魔厨师
OgreEncounter2CardName,食人魔装甲
OgreEncounter3CardName,食人魔守卫者
OgreGuardianCardName,食人魔守卫者
OgrePotCardName,食人魔大锅
OgreSpatulaCardName,食人魔锅铲
OrcChargerCardName,兽人冲锋者
OrcChieftanCardName,兽人酋长
OrcEncounter1CardName,兽人巡逻队
OrcEncounter2CardName,兽人战队
OrcEncounter3CardName,兽人酋长
OrcEncounter4CardName,兽人先锋
OrcEncounter5CardName,兽人鼓手
OrcHeroCardName,兽人英雄
OrcLieutenantCardName,兽人中尉
OrcRabbleCardName,兽人暴民
OrcScoutCardName,兽人侦察兵
OrcShamanCardName,兽人萨满
OrcSlingerCardName,兽人斯林格
OrcTreasureGuardCardName,兽人守宝者
OrcVanguardCardName,兽人先锋
OrcVeteranCardName,兽人老兵
OrcWarDrummerCardName,兽人战鼓手
OrcWarmasterCardName,兽人战争大师
OrcishWarhoundCardName,兽人战猎犬
Other AchievementsCardName,
PiercingMadContraptionCardName,穿刺疯狂陷阱
PiercingMadContraptionSuperCardName,穿刺超级疯狂陷阱
PillarOfAgesCardName,时代之柱
PossessCardName,占有
PrimordialFlamesCardName,原始火焰
ProtectTheEggsCardName,保护蛋！
PsychicAssaultCardName,精神攻击
PsychicSacrificeCardName,心灵献祭
Public AchievementsCardName,
PulsingMassCardName,脉冲聚合物
PurplePillarCardName,紫色支柱
RampageCardName,横冲直撞
RampagingGolemCardName,狂暴的魔像
ReactiveArmourCardName,反应装甲
ReadyStanceCardName,准备姿态
ReaveCardName,剥夺
Red01CardName,海尔姆向导
Red02CardName,海尔姆侦察兵
Red03CardName,海尔姆领跑者
Red04CardName,海尔姆拳手
Red05CardName,海尔姆斗士
Red06CardName,海尔姆守卫者
Red07CardName,海尔姆飞毛腿
Red08CardName,海尔姆骑士
Red09CardName,海尔姆行者
Red100CardName,海尔姆火使者
Red101CardName,恶毒火使者
Red102CardName,狂野火使者
Red103CardName,海尔姆狂战士
Red104CardName,恶毒狂战士
Red105CardName,野蛮狂战士
Red106CardName,海尔姆战斧祭司
Red107CardName,恶毒战斧祭司
Red108CardName,狂野战斧祭司
Red109CardName,海尔姆外科医生
Red10CardName,海尔姆强健者
Red110CardName,熟练外科医生
Red111CardName,外科大师
Red112CardName,海尔姆矛兵
Red113CardName,恶毒矛兵
Red114CardName,狂野矛兵
Red115CardName,海尔姆投弹者
Red116CardName,恶毒投弹者
Red117CardName,狂野投弹者
Red118CardName,海尔姆爬行者
Red119CardName,恶毒爬行者
Red11CardName,海尔姆枪手
Red120CardName,狂野爬行者
Red12CardName,海尔姆精英
Red13CardName,海尔姆弓手
Red14CardName,海尔姆射手
Red15CardName,海尔姆神射手
Red16CardName,长矛兵
Red17CardName,长矛大师
Red18CardName,枪骑兵
Red19CardName,攻城引擎I
Red20CardName,攻城引擎II
Red21CardName,攻城引擎III
Red22CardName,猎犬
Red23CardName,大猎犬
Red24CardName,阿尔法猎犬
Red25CardName,狂暴者
Red26CardName,狂暴大师
Red27CardName,山大师
Red28CardName,火花跑者
Red29CardName,火焰跑者
Red30CardName,熔炉跑者
Red31CardName,熔炉魔像I
Red32CardName,熔炉魔像II
Red33CardName,熔炉魔像III
Red34CardName,熔炉下等兵
Red35CardName,熔炉战士
Red36CardName,熔炉精英
Red37CardName,海尔姆护卫
Red38CardName,舵手守望者
Red39CardName,海尔姆守卫
Red40CardName,海尔姆旗帜I
Red41CardName,海尔姆旗帜II
Red42CardName,海尔姆旗帜III
Red43CardName,海尔姆冲击者
Red44CardName,海尔姆准将
Red45CardName,海尔姆冲锋者
Red46CardName,史密斯护卫
Red47CardName,史密斯持矛者
Red48CardName,史密斯军需官
Red49CardName,海尔姆猎犬大师
Red50CardName,海尔姆招募者
Red51CardName,海尔姆重骑兵
Red52CardName,海尔姆重锤大师
Red53CardName,熊盟传教者
Red54CardName,熊盟信徒
Red55CardName,熊盟领主
Red56CardName,垃圾场小偷
Red57CardName,锻工强盗
Red58CardName,执业钢贼
Red59CardName,海尔姆护盾
Red60CardName,海尔姆盾大师
Red61CardName,海尔姆打击者
Red62CardName,海尔姆侵略者
Red63CardName,海尔姆战争大师
Red64CardName,海尔姆火炬手
Red65CardName,海尔姆点火者
Red66CardName,海尔姆纵火者
Red67CardName,焦油者
Red68CardName,焦油行者
Red69CardName,焦油点燃者
Red70CardName,海尔姆教士
Red71CardName,海尔姆牧师
Red72CardName,海尔姆主教
Red73CardName,学徒战法师
Red74CardName,战法师
Red75CardName,战法师大师
Red76CardName,海尔姆先锋
Red77CardName,恶毒先锋
Red78CardName,狂野先锋
Red79CardName,洗剪吹大师
Red80CardName,恶毒掠夺者
Red81CardName,狂野掠夺者
Red82CardName,海尔姆战鼓手
Red83CardName,熟练战鼓手
Red84CardName,战鼓大师
Red85CardName,海尔姆战巫师
Red86CardName,熟练战巫师
Red87CardName,战巫师大师
Red88CardName,海尔姆重十字弓
Red89CardName,恶毒十字弓
Red90CardName,狂野十字弓
Red91CardName,海尔姆连发弓
Red92CardName,恶毒连发弓
Red93CardName,狂野连发弓
Red94CardName,海尔姆赤红卫士
Red95CardName,恶毒绯红卫士
Red96CardName,狂野深红卫士
Red97CardName,海尔姆猎血者
Red98CardName,恶毒猎血者
Red99CardName,狂野猎血者
RedPathCardName,炎之骑士
RedPillarCardName,红色支柱
ReforgeCardName,重铸
RegenGrowthCardName,施放再生增长
Rogue Black ControlCardName,黑色毁灭卡组
Rogue Black PredatorsCardName,黑色控制卡组
Rogue Black RazeCardName,黑色掠食者卡组
Rogue Green EvolveCardName,绿色猎人卡组
Rogue Green GrowCardName,绿色成长卡组
Rogue Green ShapechangeCardName,绿色刀刃卡组
Rogue Red GangCardName,红色欺骗卡组
Rogue Red StrikersCardName,红色同谋卡组
Rogue Red TrickeryCardName,红色打击卡组
Rogue01CardName,潜行者
Rogue02CardName,手刺
Rogue03CardName,恶毒手刺
Rogue04CardName,野蛮手刺
Rogue05CardName,飞刀
Rogue06CardName,恶毒飞刀
Rogue07CardName,野蛮飞刀
Rogue08CardName,阴暗暴徒
Rogue09CardName,诡计暴徒
Rogue10CardName,恶名暴徒
Rogue11CardName,阴暗弓手
Rogue12CardName,诡计弓手
Rogue13CardName,恶名弓手
Rogue14CardName,背刺
Rogue15CardName,恶毒背刺
Rogue16CardName,野蛮背刺
Rogue17CardName,追踪
Rogue18CardName,高级追踪
Rogue19CardName,大师级追踪
Rogue20CardName,双击
Rogue21CardName,高级双击
Rogue22CardName,大师级双击
Rogue23CardName,狂暴之刃
Rogue24CardName,高级狂暴之刃
Rogue25CardName,大师级狂暴之刃
Rogue26CardName,闪弹
Rogue27CardName,高级闪弹
Rogue28CardName,大师级闪弹
Rogue29CardName,卡牌伎俩
Rogue30CardName,高级卡牌伎俩
Rogue31CardName,大师级卡牌伎俩
Rogue32CardName,取巧之道
Rogue33CardName,高级取巧之道
Rogue34CardName,大师级取巧之道
Rogue35CardName,旋转切片
Rogue36CardName,高级旋转切片
Rogue37CardName,大师级旋转切片
Rogue38CardName,廉价射击
Rogue39CardName,熟练廉价出手
Rogue40CardName,大师级廉价射击
Rogue41CardName,凿眼
Rogue42CardName,高级凿眼
Rogue43CardName,大师级凿眼
Rogue44CardName,欢迎回来
Rogue45CardName,熟练级欢迎回来
Rogue46CardName,大师级欢迎回来
Rogue47CardName,切割
Rogue48CardName,高级切割
Rogue49CardName,大师级切割
Rogue50CardName,洗牌
Rogue51CardName,熟练级洗牌
Rogue52CardName,大师级洗牌
Rogue53CardName,爆裂匕首
Rogue54CardName,高级爆裂匕首
Rogue55CardName,大师级爆裂匕首
Rogue56CardName,"""他侮辱了你妈！"""
Rogue57CardName,"熟练级""他侮辱了你妈！"""
Rogue58CardName,"大师级""他侮辱了你妈！"""
Rogue59CardName,招募合同
Rogue60CardName,高级招募合同
Rogue61CardName,大师级招募合同
RogueAdvanced01CardName,速度+
RogueAdvanced02CardName,跳跃者+
RogueAdvanced03CardName,独狼
RogueAdvanced04CardName,瞒天过海
RogueAdvanced05CardName,紧急模式+
RogueAdvanced06CardName,欺压弱者+
RogueAdvanced07CardName,围剿他们！
RogueAdvanced08CardName,斗篷捻弄+
RogueAdvanced09CardName,花式步法+
RogueAdvanced10CardName,洗牌+
RogueAdvanced11CardName,致盲打击
RogueAdvanced12CardName,强化标记
RogueBasic01CardName,速度
RogueBasic02CardName,跳跃者
RogueBasic03CardName,洗牌
RogueBasic04CardName,花式步法
RogueBasic05CardName,斗篷捻弄
RogueBasic06CardName,来去自如
RogueBasic07CardName,紧急模式
RogueBasic08CardName,天生杀手
RogueBasic09CardName,重量训练
RogueBasic10CardName,欺压弱者
RogueBasic11CardName,卑劣格斗
RogueBasic12CardName,随机应变
RogueBasic13CardName,操纵赔率
RogueBlack01CardName,黑曜石巫师
RogueBlack02CardName,卡利姆掘墓者
RogueBlack03CardName,诅咒行者
RogueBlack04CardName,友好的稻草人
RogueBlack05CardName,国王的祝福
RogueBlack05EffectCardName,国王的祝福
RogueEffect01CardName,被标记
RogueEffect02CardName,同谋
RogueEffect03CardName,洗牌
RogueEffect04CardName,步法
RogueEffect05CardName,斗篷捻弄
RogueEffect06CardName,来去自如
RogueEffect07CardName,紧急模式
RogueEffect08CardName,欺压弱者
RogueGreen01CardName,可疑的向导
RogueGreen01aCardName,咧嘴笑的骗子
RogueGreen02CardName,银背阿尔法
RogueGreen03CardName,血兽
RogueGreen04CardName,星体蟒蛇
RogueGreen05CardName,上古移行者
RogueMid01CardName,千刀万剐
RogueMid02CardName,极度好运
RogueMid03CardName,扔下卡组
RogueRed01CardName,下腹行凶者
RogueRed02CardName,懦弱暴徒
RogueRed03CardName,后巷铁匠
RogueRed03EffectCardName,锯齿刀片
RogueRed04CardName,海尔姆掠夺者
RogueRed05CardName,疯狂的炼金术士
RogueRed05EffectCardName,被感染的疯狂炼金术士
RustingGolemCardName,锈魔
SapStrengthEffectCardName,力量吮吸
ScaledDefenseCardName,规模防御
Seasons01CardName,煤
Seasons02CardName,圣诞魔鬼袋
Seasons03CardName,圣诞魔鬼棒
Seasons04CardName,圣诞老人袋
Seasons05CardName,圣诞老人雪橇
Seasons06CardName,圣诞老人助手
SelfHatredCardName,自欺欺人
ShamblingHulkCardName,蹒跚巨人
ShiftingBlurCardName,转移混淆
ShockwaveClapCardName,冲击波拍击
SiphonStrengthCardName,虹吸力量
SneakFailedCardName,失败！
SneakSuccessCardName,成功！
SoaringMeteorsCardName,灼热流星
SolidBlurCardName,稳固混淆
SoulArrowEffectCardName,灵魂箭
SoulTrapCardName,灵魂陷阱
SparkingBlurCardName,火花混淆
SparkingBlurEffectCardName,火星四溅
SpearSpellCardName,矛
SpiderFangsCardName,
SpiderlingCardName,小蜘蛛
SpikedTentacleCardName,尖刺触手
SpinAttackCardName,旋转攻击
SpreadingFlamesCardName,火焰蔓延
SteelEdgeCardName,钢边
StormOfSteelCardName,钢铁风暴
StrongEffectCardName,巩固
StrongNeckSectionCardName,蛇颈
SwallowWholeCardName,生吞
SwallowWholeEffectCardName,生吞
SwordSpellCardName,剑
TakeAimCardName,瞄准！
TakeAimEffectCardName,瞄准！
TakeDamageCardName,承担伤害
ThingFromBeyondCardName,彼岸之物
ThousandBladesCardName,千刃
ThrowSpearCardName,投掷长矛
TinkerCardName,修补匠
Treasure01CardName,狂人卷轴
Treasure02CardName,裂纹蓝宝石
Treasure03CardName,小饰品袋
Treasure04CardName,象牙色的羽毛
Treasure05CardName,鬼爪
Treasure06CardName,印楝之戒
Treasure07CardName,华丽的铁锹
Treasure08CardName,黄金剑
Treasure09CardName,闪电杖
Treasure10CardName,附魔巨盾
Treasure11CardName,白犬雕像
Treasure12CardName,玉魔
Treasure13CardName,龙牙士兵
Treasure14CardName,舞动之剑
Treasure15CardName,生机铠甲
Treasure16CardName,魔术地毯
Treasure17CardName,束缚神灵
Treasure18CardName,受过训练的狗头人
Treasure19CardName,流浪墙
Treasure20CardName,生机魔典
Treasure21CardName,外域之剑
Treasure22CardName,猫头鹰密友
Treasure23CardName,银液
Treasure24CardName,浮石
Treasure24aCardName,浮石
Treasure25CardName,爪牙小鬼
Treasure26CardName,金球
Treasure27CardName,古钱币
Treasure28CardName,友好的爬行者
Treasure29CardName,毛骨悚然的娃娃
Treasure30CardName,古代机器
Treasure31CardName,细剑
Treasure32CardName,
Treasure32aCardName,
TreasureCardName,
TutorialEncounterCardName,教程
Undead AdventurerCardName,亡灵冒险家
UndeadEncounter1CardName,蹒跚巨人
UndeadEncounter2CardName,亡灵冒险家
UndeadEncounter3CardName,远古之影
UndeadEncounter4CardName,堕落的圣骑士
UndeadEncounter5CardName,术士阴影
UndeadSpearCardName,矛
UndeadSwordCardName,剑
UnshelledSpiritCardName,无壳之魂
Variable TalentsCardName,
VolatileElementalCardName,挥发性元素
WarTotemCardName,战争图腾
WarlockShadeCardName,术士阴影
Warrior Black BasicCardName,黑色基础卡组
Warrior Black PredatorsCardName,黑色掠食者卡组
Warrior Black RazeCardName,黑色毁灭卡组
Warrior Green EvolveCardName,绿色进化卡组
Warrior Green GrowCardName,绿色成长卡组
Warrior Green ShapechangeCardName,绿色野兽卡组
Warrior Red BasicCardName,雇佣兵
Warrior Red GrowCardName,炎骑兵
Warrior Red SpearsCardName,弓兵团
Warrior01CardName,战士
Warrior02CardName,长剑
Warrior03CardName,秘银长剑
Warrior04CardName,神圣长剑
Warrior05CardName,短弓
Warrior06CardName,长弓
Warrior07CardName,复合弓
Warrior08CardName,长矛
Warrior09CardName,长柄长矛
Warrior1000CardName,援护
Warrior100CardName,守卫短剑
Warrior101CardName,守卫短剑
Warrior102CardName,守卫短剑
Warrior103CardName,盾剑
Warrior104CardName,盾剑
Warrior105CardName,盾剑
Warrior10CardName,标枪
Warrior11CardName,手斧
Warrior12CardName,劈斧
Warrior13CardName,大斧头
Warrior14CardName,双弯刀
Warrior15CardName,火弓
Warrior16CardName,愤怒
Warrior17CardName,狂怒
Warrior18CardName,暴怒
Warrior19CardName,加速
Warrior200CardName,剑舞
Warrior201CardName,剑舞
Warrior202CardName,剑舞
Warrior203CardName,投掷武器
Warrior204CardName,投掷武器
Warrior205CardName,投掷武器
Warrior206CardName,磨利
Warrior207CardName,磨利
Warrior208CardName,磨利
Warrior20CardName,加速II
Warrior21CardName,乱舞
Warrior22CardName,标枪I
Warrior23CardName,标枪II
Warrior24CardName,标枪III
Warrior25CardName,进入战场
Warrior26CardName,进入战场II
Warrior27CardName,进入战场III
Warrior28CardName,暗中打击
Warrior29CardName,推击
Warrior300CardName,神秘剑柄
Warrior30CardName,冲击波
Warrior31CardName,盾I
Warrior32CardName,盾II
Warrior33CardName,盾III
Warrior34CardName,死击
Warrior35CardName,清除道路
Warrior36CardName,威逼
Warrior37CardName,支援
Warrior38CardName,血祭
Warrior39CardName,再来！
Warrior40CardName,灵魂燃烧
Warrior41CardName,荣誉决斗
Warrior42CardName,别畏缩！
Warrior43CardName,钩住
Warrior44CardName,重新部署
Warrior45CardName,往后站
Warrior46CardName,绊击
Warrior47CardName,连锁匕首
Warrior47aCardName,连锁长剑
Warrior47bCardName,连锁战斧
WarriorAdvanced01CardName,机动+
WarriorAdvanced02CardName,加长射程+
WarriorAdvanced03CardName,韧性+
WarriorAdvanced04CardName,嗜血+
WarriorAdvanced05CardName,盾牌精通
WarriorAdvanced06CardName,鼓舞人心+
WarriorAdvanced07CardName,跳跃者
WarriorAdvanced08CardName,烈焰猛击+
WarriorAdvanced09CardName,气定神闲+
WarriorAdvanced10CardName,力量+
WarriorAdvanced11CardName,大杀四方
WarriorAdvanced12CardName,健臂
WarriorAdvanced13CardName,坚毅
WarriorAdvanced14CardName,佯攻打击
WarriorAdvanced15CardName,保持距离+
WarriorBasic01CardName,机动
WarriorBasic02CardName,加长射程
WarriorBasic03CardName,韧性
WarriorBasic04CardName,抢劫者
WarriorBasic05CardName,圣光之下
WarriorBasic06CardName,鼓舞人心
WarriorBasic07CardName,淘金者
WarriorBasic08CardName,烈焰猛击
WarriorBasic09CardName,气定神闲
WarriorBasic10CardName,力量
WarriorBasic11CardName,学识
WarriorBasic12CardName,嗜血
WarriorBasic13CardName,改善招募
WarriorBasic14CardName,魔法猎人
WarriorBasic15CardName,快速学习
WarriorBasic16CardName,抉择
WarriorBasic17CardName,保持距离
WarriorBasic18CardName,谨慎
WarriorBasic19CardName,克制
WarriorBasic20CardName,保持强度
WarriorBlack01CardName,卡利姆灵魂施法者
WarriorBlack02CardName,仪式环
WarriorBlack03CardName,黑钢队长
WarriorBlack04CardName,龙骑士
WarriorBlack05CardName,大猎杀
WarriorBlack06CardName,
WarriorBlack07CardName,
WarriorBlack08CardName,
WarriorEffect01CardName,圣光之下
WarriorEffect02CardName,波特海文护腕
WarriorEffect03CardName,超强化
WarriorEffect04CardName,领袖
WarriorEffect05CardName,嗜血
WarriorEffect06CardName,健臂
WarriorEffect07CardName,大杀四方
WarriorEffect08CardName,披荆斩棘
WarriorEffect09CardName,大猎杀
WarriorEffect100CardName,援护
WarriorEffect10CardName,烈焰猛击
WarriorEffect11CardName,气定神闲
WarriorEffect12CardName,克制
WarriorEffect13CardName,保持强度
WarriorEffect14CardName,保持距离
WarriorEffect15CardName,加长射程
WarriorEffect16CardName,盾牌精通
WarriorEffect17CardName,坚毅
WarriorEffect18CardName,佯攻打击
WarriorGreen01CardName,部落袭击者
WarriorGreen02CardName,部落开拓者
WarriorGreen03CardName,丛林守护者
WarriorGreen03aCardName,愤怒的守护者
WarriorGreen04CardName,部落先锋队
WarriorGreen05CardName,野人
WarriorMid01CardName,法力
WarriorMid02CardName,连击
WarriorMid03CardName,谈判专精
WarriorMid04CardName,爆发增长
WarriorMid05CardName,优质领导
WarriorRed01CardName,海尔姆狙击手
WarriorRed02CardName,嗜血半食人魔
WarriorRed03CardName,指甲鞭
WarriorRed04CardName,神圣突击者
WarriorRed05CardName,三头地狱猎犬
WarriorRed06CardName,
WarriorRed07CardName,
WarriorRed08CardName,
WarriorStart01CardName,勇者
WarriorStart02CardName,援护
WebbedEffectCardName,被网住
WhippingTentacleCardName,鞭笞触手
WhitePathCardName,波特海文议院
WickermanCardName,柳条人
WildfireCardName,野火
WindTorrentCardName,风洪
WraithCardName,阴魂
WritheCardName,翻腾
YoureMineCardName,你是我的
quest_1CardName,躲起来的伐木工
quest_1_option_1CardName,离开
quest_1_option_2CardName,去船坞看看
quest_1_option_3CardName,去农场看看
quest_2CardName,虎克船长
quest_2_option_1CardName,离开
quest_3CardName,感染者
quest_3_option_1CardName,离开
quest_4CardName,会说话的神像
quest_4_option_1CardName,离开
quest_4_option_2CardName,去触碰它
quest_5CardName,幸存者
quest_5_option_1CardName,离开
quest_6CardName,奇怪的植物
quest_6_option_1CardName,离开
quest_7CardName,冰冻的魔法剑
quest_7_option_1CardName,离开
